B (Tesla) ,P
0 ,0
0.101574399 ,12.35342661
0.12137376699999999 ,20.37880642
0.128395017 ,24.34856831
0.14101124000000001 ,29.74609439
0.15342238799999999 ,38.41855824
0.170084547 ,48
0.17824511600000001 ,58
0.20134222800000001 ,78
0.211002525 ,100
0.24285441199999999 ,125
0.256903094 ,154.3141664
0.27690690499999998 ,184.3743419
0.28748554399999998 ,217.8533543
